21.06.2012;78425,8
22.06.2012;69096,63497
23.06.2012;71871,4763
24.06.2012;79079,42291
25.06.2012;85414,74422
26.06.2012;76656,03318
27.06.2012;75962,93729
28.06.2012;73404,27928
29.06.2012;72169,33062
30.06.2012;73534,32399
01.07.2012;84931,42185
02.07.2012;85326,58337
03.07.2012;76505,67541
04.07.2012;73019,20053
05.07.2012;74125,38602
06.07.2012;80536,74216
07.07.2012;95555,20099
08.07.2012;125660,0853
09.07.2012;127684,8766
10.07.2012;101877,4047
11.07.2012;69159,78605
12.07.2012;69972,28522
13.07.2012;73381,50549
14.07.2012;73947,46507
15.07.2012;84791,87039
16.07.2012;104132,8243
17.07.2012;80851,53723
18.07.2012;69342,24152
19.07.2012;71441,40029
20.07.2012;68505,99581
21.07.2012;68663,62235
22.07.2012;75274,30505
23.07.2012;90231,30283
24.07.2012;71987,0231
25.07.2012;72658,28687
26.07.2012;78713,74326
27.07.2012;71985,57566
28.07.2012;75428,04598
29.07.2012;108957,0493
30.07.2012;124738,4479
31.07.2012;78984,84229
01.08.2012;71829,74715
02.08.2012;71599,79543
03.08.2012;83108,1664
04.08.2012;82058,17599
05.08.2012;84247,86137
06.08.2012;80206,18085
07.08.2012;76056,1562
08.08.2012;73563,41368
09.08.2012;76368,62527
10.08.2012;71293,39598
11.08.2012;72456,93284
12.08.2012;86539,52401
13.08.2012;123295,9337
14.08.2012;107352,2443
15.08.2012;71949,43032
16.08.2012;80463,60441
17.08.2012;108301,3282
18.08.2012;110099,4149
19.08.2012;128709,947
20.08.2012;125033,4785
21.08.2012;78039,73761
22.08.2012;69532,69375
23.08.2012;72205,91334
24.08.2012;67799,90784
25.08.2012;76720,30705
26.08.2012;96379,21893
27.08.2012;98691,9316
28.08.2012;78523,89388
29.08.2012;67170,95031
30.08.2012;66894,60804
31.08.2012;66122,93432
01.09.2012;65277,9436
02.09.2012;87036,83177
03.09.2012;81453,97784
04.09.2012;78200,54461
05.09.2012;65430,31849
06.09.2012;72762,63859
07.09.2012;70146,72985
08.09.2012;67668,39671
09.09.2012;76936,36641
10.09.2012;94049,19137
11.09.2012;70648,77756
12.09.2012;64414,23621
13.09.2012;65256,46319
14.09.2012;68345,29695
15.09.2012;70174,46592
16.09.2012;100013,1221
17.09.2012;115723,7911
18.09.2012;80595,52023
19.09.2012;67610,72392
20.09.2012;74010,10296
21.09.2012;69353,97974
22.09.2012;69224,90196
23.09.2012;93993,46085
24.09.2012;113293,4718
25.09.2012;71892,96833
26.09.2012;81713,02795
27.09.2012;68290,06313
28.09.2012;66051,50394
29.09.2012;65961,33919
30.09.2012;77778,65971
01.10.2012;93259,16545
02.10.2012;73607,41374
03.10.2012;66168,4924
04.10.2012;74404,60484
05.10.2012;115721,6759
06.10.2012;156384,3963
07.10.2012;154865,5239
08.10.2012;144077,3347
09.10.2012;73471,69465
10.10.2012;76575,08178
11.10.2012;73688,55302
12.10.2012;136040,822
13.10.2012;72217,48827
14.10.2012;95394,18337
15.10.2012;218625,7635
16.10.2012;81731,25709
17.10.2012;77559,08571
18.10.2012;75455,64396
19.10.2012;77510,57094
20.10.2012;84496,85015
21.10.2012;105800,943
22.10.2012;131318,9157
23.10.2012;85121,49591
24.10.2012;78051,83564
25.10.2012;79582,17368
26.10.2012;81045,05017
27.10.2012;86413,15638
28.10.2012;109143,8123
29.10.2012;134133,4952
30.10.2012;91466,92654
31.10.2012;81999,06242
01.11.2012;85969,80463
02.11.2012;85481,30633
03.11.2012;85842,40357
04.11.2012;128614,4747
05.11.2012;169796,9404
06.11.2012;120016,7742
07.11.2012;85503,61813
08.11.2012;82203,24379
09.11.2012;88994,90032
10.11.2012;80029,87343
11.11.2012;104143,142
12.11.2012;161102,1688
13.11.2012;111692,6166
14.11.2012;93605,46913
15.11.2012;89602,62744
16.11.2012;88888,40161
17.11.2012;86206,08734
18.11.2012;143603,6957
19.11.2012;153059,3965
20.11.2012;104212,6929
21.11.2012;82172,02582
22.11.2012;83499,47536
23.11.2012;125584,8977
24.11.2012;140783,5697
25.11.2012;158071,3816
26.11.2012;123576,9531
27.11.2012;98535,06305
28.11.2012;77271,75397
29.11.2012;80492,94234
30.11.2012;106651,7898
01.12.2012;156450,1464
02.12.2012;165235,9159
03.12.2012;219729,2476
04.12.2012;144953,7623
05.12.2012;94189,18142
06.12.2012;99707,21255
07.12.2012;110412,8616
08.12.2012;108664,9711
09.12.2012;120662,2376
10.12.2012;148350,889
11.12.2012;120749,0831
12.12.2012;105007,4901
13.12.2012;98370,81462
14.12.2012;106081,6351
15.12.2012;115875,5719
16.12.2012;155498,7592
17.12.2012;167549,6673
18.12.2012;123959,1026
19.12.2012;106369,3504
20.12.2012;110045,3031
21.12.2012;115665,8623
22.12.2012;115501,6074
23.12.2012;129881,3749
24.12.2012;120343,9467
25.12.2012;101113,4262
26.12.2012;84473,95403
27.12.2012;98533,24443
28.12.2012;110938,9108
29.12.2012;112290,7966
30.12.2012;125533,3203
31.12.2012;121560,5827
01.01.2013;110978,8852
02.01.2013;97074,25095
03.01.2013;117146,3794
04.01.2013;120355,9117
05.01.2013;129576,4469
06.01.2013;134886,306
07.01.2013;150224,5092
08.01.2013;141438,563
09.01.2013;127353,9827
10.01.2013;135476,3379
11.01.2013;137373,1632
12.01.2013;148415,183
13.01.2013;212368,3252
14.01.2013;204233,5128
15.01.2013;156424,7728
16.01.2013;122659,0823
17.01.2013;120438,4202
18.01.2013;130084,6603
19.01.2013;167674,9067
20.01.2013;195431,356
21.01.2013;227665,2193
22.01.2013;143562,5227
23.01.2013;134791,9547
24.01.2013;124798,8179
25.01.2013;133522,1666
26.01.2013;148635,2949
27.01.2013;190025,7713
28.01.2013;169699,6837
29.01.2013;138053,0607
30.01.2013;138848,6228
31.01.2013;142203,9274
01.02.2013;151138,3631
02.02.2013;155257,1074
03.02.2013;172184,0707
04.02.2013;182292,7418
05.02.2013;151997,0122
06.02.2013;156666,9511
07.02.2013;155014,4782
08.02.2013;152630,1222
09.02.2013;166945,5393
10.02.2013;169362,2765
11.02.2013;176197,3306
12.02.2013;154985,289
13.02.2013;147303,5513
14.02.2013;153530,3982
15.02.2013;142141,8338
16.02.2013;154011,3065
17.02.2013;188819,6525
18.02.2013;196846,4102
19.02.2013;161033,6882
20.02.2013;155227,788
21.02.2013;150917,1733
22.02.2013;167229,1201
23.02.2013;156250,9869
24.02.2013;200139,7062
25.02.2013;213026,8231
26.02.2013;167127,8309
27.02.2013;152926,4604
28.02.2013;149281,6466
01.03.2013;180779,9765
02.03.2013;175076,4124
03.03.2013;193724,6323
04.03.2013;210795,3401
05.03.2013;162431,6457
06.03.2013;175007,0814
07.03.2013;206175,3922
08.03.2013;205627,0879
09.03.2013;219016,233
10.03.2013;240435,9667
11.03.2013;207988,9858
12.03.2013;182593,2936
13.03.2013;173699,7923
14.03.2013;162776,8225
15.03.2013;147043,5762
16.03.2013;161412,018
17.03.2013;111190,3358
18.03.2013;291436,9604
19.03.2013;214352,0836
20.03.2013;158156,2453
21.03.2013;167299,5478
22.03.2013;165387,9689
23.03.2013;160455,0837
24.03.2013;230468,2174
25.03.2013;212731,167
26.03.2013;152605,4487
27.03.2013;160735,6325
28.03.2013;161123,4726
29.03.2013;174732,8005
30.03.2013;190042,2014
31.03.2013;227257,3511
01.04.2013;238082,457
02.04.2013;182997,4647
03.04.2013;171386,3669
04.04.2013;167915,2403
05.04.2013;174212,7975
06.04.2013;192053,4774
07.04.2013;238181,9541
08.04.2013;262951,0277
09.04.2013;183275,9722
10.04.2013;164355,3285
11.04.2013;168085,903
12.04.2013;168377,6986
13.04.2013;168619,4594
14.04.2013;216642,248
15.04.2013;223139,5542
16.04.2013;175772,4165
17.04.2013;170828,898
18.04.2013;162224,8524
19.04.2013;180171,3206
20.04.2013;182434,1351
21.04.2013;241889,4974
22.04.2013;245247,0384
23.04.2013;162973,6087
24.04.2013;154379,0952
25.04.2013;156059,9447
26.04.2013;147438,6989
27.04.2013;214511,0119
28.04.2013;271542,9162
29.04.2013;286165,8735
30.04.2013;195018,8243
01.05.2013;150119,4743
02.05.2013;161359,5208
03.05.2013;166739,7869
04.05.2013;168134,8656
05.05.2013;206815,104
06.05.2013;238336,5811
07.05.2013;203419,8906
08.05.2013;163322,2809
09.05.2013;172857,7922
10.05.2013;179000,2783
11.05.2013;180987,2047
12.05.2013;208033,0364
13.05.2013;230146,1611
14.05.2013;196496,5606
15.05.2013;179702,7382
16.05.2013;171402,3267
17.05.2013;167329,3519
18.05.2013;183331,0794
19.05.2013;208094,7628
20.05.2013;220733,5158
21.05.2013;197514,3253
22.05.2013;188879,275
23.05.2013;178886,5544
24.05.2013;175987,6822
25.05.2013;233691,1796
26.05.2013;253626,9313
27.05.2013;277790,531
28.05.2013;183276,8708
29.05.2013;196103,6844
30.05.2013;197788,795
11.06.2013;290665,5268
12.06.2013;204856,5994
13.06.2013;203374,4517
14.06.2013;203098,0591
15.06.2013;190852,1473
16.06.2013;285015,2248
17.06.2013;304790,5191
18.06.2013;262652,4302
19.06.2013;170554,6324
20.06.2013;174531,8576
21.06.2013;197182,2997
22.06.2013;214977,5895
23.06.2013;179151,9281
24.06.2013;247963,5939
25.06.2013;196023,4867
26.06.2013;194362,595
27.06.2013;207739,7035
28.06.2013;185253,5331
29.06.2013;183605,37
30.06.2013;269364,3592
01.07.2013;312381,6599
02.07.2013;236364,641
03.07.2013;192757,3214
04.07.2013;199924,5342
05.07.2013;210888,1366
06.07.2013;216896,8191
07.07.2013;228250,5094
08.07.2013;258947,9686
09.07.2013;201299,697
10.07.2013;214606,4454
11.07.2013;184938,0381
12.07.2013;188205,0003
13.07.2013;206388,662
14.07.2013;267881,8648
15.07.2013;269403,4886
16.07.2013;210364,9335
17.07.2013;184272,0488
18.07.2013;193453,336
19.07.2013;201474,2471
20.07.2013;229140,8759
21.07.2013;257645,9082
22.07.2013;232423,9854
23.07.2013;195652,1677
24.07.2013;187398,4977
25.07.2013;196475,9964
26.07.2013;203582,4648
27.07.2013;239700,7235
28.07.2013;248016,096
29.07.2013;243515,9797
30.07.2013;207692,5383
31.07.2013;186365,794
01.08.2013;187510,544
02.08.2013;189221,5423
03.08.2013;221919,2926
04.08.2013;294982,4356
05.08.2013;308036,6954
06.08.2013;257861,2035
07.08.2013;176419,4467
08.08.2013;205940,9402
09.08.2013;265994,7548
10.08.2013;249879,1451
11.08.2013;278968,7283
12.08.2013;298203,6484
13.08.2013;302753,8367
14.08.2013;170944,901
15.08.2013;176467,6636
16.08.2013;204525,9476
17.08.2013;210270,9367
18.08.2013;254857,1814
19.08.2013;235553,7495
20.08.2013;183457,6696
21.08.2013;189172,9907
22.08.2013;223982,2237
23.08.2013;197650,0855
24.08.2013;231795,7838
25.08.2013;247463,502
26.08.2013;252100,9825
27.08.2013;181778,5453
28.08.2013;166628,6961
29.08.2013;187133,6972
30.08.2013;188451,851
31.08.2013;187647,8311
01.09.2013;249211,9149
02.09.2013;262465,5449
03.09.2013;202610,3465
04.09.2013;182228,7996
05.09.2013;185187,2503
06.09.2013;184596,1206
07.09.2013;184918,1477
08.09.2013;245156,1199
09.09.2013;262572,5883
10.09.2013;200211,7943
11.09.2013;188780,0125
12.09.2013;189745,8952
13.09.2013;185345,7195
14.09.2013;172311,1029
15.09.2013;235012,6021
16.09.2013;299587,6056
17.09.2013;272233,5357
18.09.2013;237677,4793
19.09.2013;223078,0593
20.09.2013;181127,1123
21.09.2013;202471,1057
22.09.2013;239818,1826
23.09.2013;297843,5607
24.09.2013;203014,4794
25.09.2013;224976,7516
26.09.2013;207748,3619
27.09.2013;174708,5899
28.09.2013;170462,4796
29.09.2013;257582,0243
30.09.2013;256898,3918
01.10.2013;172890,3804
02.10.2013;178547,1215
03.10.2013;176488,9309
04.10.2013;176871,7108
05.10.2013;176221,0539
06.10.2013;272784,7276
07.10.2013;236621,075
08.10.2013;178602,9656
09.10.2013;181883,2095
10.10.2013;170855,5889
11.10.2013;198580,1929
12.10.2013;211370,1692
13.10.2013;250454,5886
14.10.2013;308407,2838
15.10.2013;187561,6733
16.10.2013;201249,7739
17.10.2013;194513,9495
18.10.2013;197009,3143
19.10.2013;208538,2539
20.10.2013;240977,3648
21.10.2013;278018,8137
22.10.2013;213453,2155
23.10.2013;191762,3325
24.10.2013;196454,3869
25.10.2013;199525,9607
26.10.2013;208609,7759
27.10.2013;266783,2801
28.10.2013;276978,6523
29.10.2013;215081,8227
30.10.2013;212991,2155
31.10.2013;230342,6868
01.11.2013;213858,6901
02.11.2013;214870,1175
03.11.2013;251233,9868
04.11.2013;331760,8531
05.11.2013;268306,5025
06.11.2013;253631,6539
07.11.2013;233559,1173
08.11.2013;217468,7561
09.11.2013;217692,2011
10.11.2013;317967,449
11.11.2013;324148,3248
12.11.2013;264982,254
13.11.2013;225864,6032
14.11.2013;224995,6056
15.11.2013;220312,2909
16.11.2013;244819,7433
17.11.2013;294150,5686
18.11.2013;321906,011
19.11.2013;233435,9162
20.11.2013;217479,6568
21.11.2013;225885,2913
22.11.2013;226184,9041
23.11.2013;234112,293
24.11.2013;304370,8049
25.11.2013;347338,1676
26.11.2013;243658,4277
27.11.2013;219936,9051
28.11.2013;227486,335
29.11.2013;271364,6457
30.11.2013;303618,0954
01.12.2013;338056,0846
02.12.2013;296746,0565
03.12.2013;237604,7067
04.12.2013;226584,8651
05.12.2013;248835,8312
06.12.2013;234131,1107
07.12.2013;231761,2385
08.12.2013;300582,9247
09.12.2013;346413,9498
10.12.2013;264392,7549
11.12.2013;251049,6884
12.12.2013;241190,7865
13.12.2013;236436,1803
14.12.2013;227920,4208
15.12.2013;281359,7652
16.12.2013;318507,369
17.12.2013;256501,0375
18.12.2013;239605,5038
19.12.2013;241602,3182
20.12.2013;229226,629
21.12.2013;226497,2002
22.12.2013;275552,428
23.12.2013;300161,2617
24.12.2013;256020,4494
25.12.2013;211539,7496
26.12.2013;194602,236
27.12.2013;198842,2411
28.12.2013;242617,694
29.12.2013;265915,6832
30.12.2013;272631,2176
31.12.2013;255047,0227
01.01.2014;264676,1051
02.01.2014;240960,9937
03.01.2014;260123,6197
04.01.2014;276842,9973
05.01.2014;296337,0714
06.01.2014;308428,2732
07.01.2014;301174,2746
08.01.2014;291550,4984
09.01.2014;319836,7098
10.01.2014;290192,3596
11.01.2014;293885,2613
12.01.2014;349348,1627
13.01.2014;345702,3018
14.01.2014;268366,1909
15.01.2014;287792,0853
16.01.2014;293062,8957
17.01.2014;253378,934
18.01.2014;287907,3562
19.01.2014;342530,4361
20.01.2014;394690,3737
21.01.2014;283821,5341
22.01.2014;253288,5981
23.01.2014;247289,5846
24.01.2014;256482,3747
25.01.2014;267053,9816
26.01.2014;297544,5105
27.01.2014;320520,6937
28.01.2014;291852,4978
29.01.2014;273390,2819
30.01.2014;278810,5754
31.01.2014;254534,997
01.02.2014;278817,669
02.02.2014;312726,704
03.02.2014;315127,0613
04.02.2014;265643,0354
05.02.2014;248368,259
06.02.2014;248612,3962
07.02.2014;256365,2965
08.02.2014;265002,8894
09.02.2014;280805,295
10.02.2014;336713,8412
11.02.2014;279503,1178
12.02.2014;236071,3645
13.02.2014;244195,1984
14.02.2014;269412,1391
15.02.2014;278700,8611
16.02.2014;306686,9709
17.02.2014;362178,6711
18.02.2014;347779,047
19.02.2014;324658,0982
20.02.2014;314857,4622
21.02.2014;328121,6396
22.02.2014;335811,0884
23.02.2014;361168,1496
24.02.2014;416524,6419
25.02.2014;335946,0814
26.02.2014;296115,9509
27.02.2014;297319,9504
28.02.2014;307884,7199
01.03.2014;329797,3783
02.03.2014;437222,5797
03.03.2014;393252,5393
04.03.2014;347271,1024
05.03.2014;323477,7738
06.03.2014;306470,7005
07.03.2014;300673,4697
08.03.2014;277043,9893
15.03.2014;336897,1772
16.03.2014;443341,5414
17.03.2014;397141,7627
18.03.2014;270434,6603
19.03.2014;260289,8228
20.03.2014;260757,4323
21.03.2014;265953,6114
22.03.2014;263777,6197
23.03.2014;311464,8994
24.03.2014;332734,1671
25.03.2014;283958,6375
26.03.2014;267311,664
27.03.2014;270742,7669
28.03.2014;278169,0693
29.03.2014;278778,3526
30.03.2014;321305,6817
31.03.2014;353595,4907
01.04.2014;290537,1573
02.04.2014;289633,7703
03.04.2014;271977,9198
04.04.2014;284479,6803
05.04.2014;274152,0048
06.04.2014;336627,8112
07.04.2014;377354,3204
08.04.2014;301364,7505
09.04.2014;271661,4771
10.04.2014;265146,9754
11.04.2014;265663,8308
12.04.2014;273037,2156
13.04.2014;308490,8966
14.04.2014;351050,3232
15.04.2014;316055,6176
16.04.2014;292835,284
17.04.2014;307643,6943
18.04.2014;354921,3335
19.04.2014;359728,0881
20.04.2014;379474,1824
21.04.2014;384665,29
22.04.2014;318474,3936
23.04.2014;289412,3594
24.04.2014;293193,2791
25.04.2014;294844,4095
26.04.2014;297492,0029
27.04.2014;354384,156
28.04.2014;382858,6868
29.04.2014;299215,3405
30.04.2014;285273,6038
01.05.2014;278417,1421
02.05.2014;297921,9068
03.05.2014;311148,2317
04.05.2014;340290,1302
05.05.2014;374641,1688
06.05.2014;302457,8956
07.05.2014;298788,7035
08.05.2014;297341,512
09.05.2014;357664,3135
10.05.2014;329531,7205
11.05.2014;360621,3623
12.05.2014;386716,9813
13.05.2014;295439,1887
14.05.2014;307042,3013
15.05.2014;302658,1699
16.05.2014;292504,5364
17.05.2014;320142,4827
18.05.2014;331119,8452
19.05.2014;368108,2577
20.05.2014;330305,0857
21.05.2014;338205,9027
22.05.2014;324847,8162
23.05.2014;316965,3973
24.05.2014;304741,9253
25.05.2014;376526,9643
26.05.2014;392894,2095
27.05.2014;349592,7777
28.05.2014;349161,4949
29.05.2014;284645,8626
30.05.2014;311054,0899
31.05.2014;312543,6415
01.06.2014;391180,8157
02.06.2014;416859,9273
03.06.2014;420097,1114
04.06.2014;367743,3225
05.06.2014;410720,4491
06.06.2014;491648,4087
07.06.2014;426508,7172
08.06.2014;363743,0959
09.06.2014;406827,0578
10.06.2014;352423,7974
11.06.2014;369843,9276
12.06.2014;324264,5519
13.06.2014;309744,3465
14.06.2014;279062,4602
15.06.2014;349768,3319
16.06.2014;385393,5757
17.06.2014;364055,0537
18.06.2014;295299,7309
19.06.2014;271131,0685
20.06.2014;292956,3622
21.06.2014;308605,8207
22.06.2014;321084,3274
23.06.2014;356929,4638
24.06.2014;327750,4508
25.06.2014;319262,0381
26.06.2014;323289,296
27.06.2014;328329,4007
28.06.2014;317699,4817
29.06.2014;397271,395
30.06.2014;428715,8184
01.07.2014;313754,9428
02.07.2014;286781,3658
03.07.2014;301708,2893
04.07.2014;321856,4205
05.07.2014;281063,0169
06.07.2014;336813,0211
07.07.2014;369222,126
08.07.2014;321689,5813
09.07.2014;336043,06
10.07.2014;370198,5878
11.07.2014;403121,9971
12.07.2014;418737,951
13.07.2014;465726,3353
14.07.2014;390006,946
15.07.2014;389120,2461
16.07.2014;340755,8129
17.07.2014;323645,4812
18.07.2014;331139,3696
19.07.2014;379046,9883
20.07.2014;431831,944
21.07.2014;444947,2602
22.07.2014;430215,868
23.07.2014;308678,9483
24.07.2014;331566,9227
25.07.2014;332702,9925
26.07.2014;338865,7183
27.07.2014;376611,3994
28.07.2014;410337,4425
29.07.2014;376526,546
30.07.2014;378007,4193
31.07.2014;382791,6579
01.08.2014;374966,6384
02.08.2014;366311,0749
03.08.2014;397354,1424
04.08.2014;442392,8961
05.08.2014;374187,5237
06.08.2014;365026,7869
07.08.2014;356045,7538
08.08.2014;379449,625
09.08.2014;381909,0114
10.08.2014;389297,3847
11.08.2014;394474,7999
12.08.2014;374587,9282
13.08.2014;380144,425
14.08.2014;377816,5135
15.08.2014;421904,6894
16.08.2014;437242,2356
17.08.2014;489515,4562
18.08.2014;507127,8563
19.08.2014;361717,4356
20.08.2014;353802,1849
21.08.2014;363385,1844
22.08.2014;365130,253
23.08.2014;355408,2955
24.08.2014;410004,058
25.08.2014;447946,6413
26.08.2014;395941,0394
27.08.2014;347522,8954
28.08.2014;323755,9047
29.08.2014;346157,377
30.08.2014;347134,3663
31.08.2014;444822,5842
01.09.2014;489477,4619
02.09.2014;367351,1081
03.09.2014;354150,728
04.09.2014;332597,4874
05.09.2014;338753,0105
06.09.2014;351595,2838
07.09.2014;411098,8202
08.09.2014;419871,5832
09.09.2014;355884,9687
10.09.2014;357664,3167
11.09.2014;379642,17
12.09.2014;363793,5857
13.09.2014;375618,9132
14.09.2014;431487,1922
15.09.2014;422630,4442
16.09.2014;358626,4397
17.09.2014;347123,1228
18.09.2014;351841,0498
19.09.2014;449706,5668
20.09.2014;408226,5494
21.09.2014;449014,9123
22.09.2014;507935,4959
23.09.2014;345779,1795
24.09.2014;341702,3439
25.09.2014;336667,4883
26.09.2014;412590,2552
27.09.2014;431028,6591
28.09.2014;461048,26
29.09.2014;476302,9389
30.09.2014;331319,7059
01.10.2014;307626,8651
02.10.2014;298103,3487
03.10.2014;322533,408
04.10.2014;381292,1217
05.10.2014;433288,2333
06.10.2014;454079,7779
07.10.2014;365386,2292
08.10.2014;349352,0867
09.10.2014;334397,1614
10.10.2014;351389,7214
11.10.2014;373517,9211
12.10.2014;432121,0204
13.10.2014;473256,7023
14.10.2014;350806,4163
15.10.2014;346934,0938
19.10.2014;414123,4038
20.10.2014;639816,7796
21.10.2014;353623,5337
22.10.2014;340947,1094
23.10.2014;326279,6416
24.10.2014;362651,4311
25.10.2014;395826,3736
26.10.2014;480219,9956
27.10.2014;511645,9859
28.10.2014;364184,881
29.10.2014;348826,3069
30.10.2014;347857,7768
31.10.2014;354543,8012
01.11.2014;376433,3553
02.11.2014;413441,6528
03.11.2014;458028,0614
04.11.2014;410063,9375
05.11.2014;397864,6237
06.11.2014;357917,9484
07.11.2014;347246,2374
08.11.2014;363788,4702
09.11.2014;463330,778
10.11.2014;487160,8083
11.11.2014;372243,7889
12.11.2014;380242,8154
13.11.2014;355706,6281
14.11.2014;393170,8925
15.11.2014;368018,2798
16.11.2014;419120,0794
17.11.2014;467787,511
18.11.2014;379970,5141
19.11.2014;365380,9686
20.11.2014;346141,1569
21.11.2014;344082,6983
22.11.2014;345505,3993
23.11.2014;413373,869
24.11.2014;441899,1739
25.11.2014;356817,6656
26.11.2014;338208,0205
27.11.2014;326650,9792
28.11.2014;407932,7658
29.11.2014;410068,5688
30.11.2014;473947,0251
01.12.2014;414569,5788
02.12.2014;338386,7103
03.12.2014;349885,3616
04.12.2014;368750,7669
05.12.2014;390886,0263
06.12.2014;377665,2678
07.12.2014;482644,3725
08.12.2014;535886,073
09.12.2014;453427,511
10.12.2014;400916,7868
11.12.2014;386247,4461
12.12.2014;387250,6933
13.12.2014;368085,5936
14.12.2014;440125,4185
15.12.2014;474508,7072
16.12.2014;386114,4839
17.12.2014;370476,4649
18.12.2014;368487,5907
19.12.2014;387147,4517
20.12.2014;385469,7934
21.12.2014;441786,8447
22.12.2014;480613,8311
23.12.2014;396358,0757
24.12.2014;390293,3526
25.12.2014;363620,2192
26.12.2014;299991,7568
27.12.2014;329212,6906
28.12.2014;372919,2795
29.12.2014;403881,2887
30.12.2014;407738,8482
31.12.2014;409499,9567
01.01.2015;381124,4715
02.01.2015;345670,7585
03.01.2015;442234,0265
04.01.2015;468335,2537
05.01.2015;511557,6661
06.01.2015;501847,6572
07.01.2015;512003,2703
08.01.2015;516141,2536
09.01.2015;502696,4913
10.01.2015;542304,2711
11.01.2015;602271,1614
12.01.2015;634348,0012
13.01.2015;448062,7163
14.01.2015;426585,7163
15.01.2015;412034,5765
16.01.2015;447997,7733
17.01.2015;517230,9914
18.01.2015;570537,617
19.01.2015;561167,6837
20.01.2015;466732,9626
21.01.2015;446886,1912
22.01.2015;463613,8887
23.01.2015;479183,3725
24.01.2015;465233,3662
25.01.2015;491584,6742
26.01.2015;535166,8129
27.01.2015;457637,0761
28.01.2015;451181,9509
29.01.2015;477172,8948
30.01.2015;507108,7156
31.01.2015;533693,3051
01.02.2015;569003,5512
02.02.2015;589140,2484
03.02.2015;517108,6924
04.02.2015;460782,3711
05.02.2015;440215,0935
06.02.2015;511093,8528
07.02.2015;517691,9138
08.02.2015;598536,2065
09.02.2015;624715,1475
10.02.2015;504590,8284
11.02.2015;448608,8087
12.02.2015;451893,562
13.02.2015;461737,3186
14.02.2015;483693,198
15.02.2015;556269,5366
16.02.2015;603500,2937
17.02.2015;533203,0956
18.02.2015;494668,159
19.02.2015;495135,4025
20.02.2015;513569,4676
21.02.2015;490856,2216
22.02.2015;534321,3302
23.02.2015;617419,8524
24.02.2015;530548,2543
25.02.2015;474261,3447
26.02.2015;461384,3171
27.02.2015;465696,8484
28.02.2015;474372,6563
01.03.2015;524938,6217
02.03.2015;599720,5781
03.03.2015;509701,6097
04.03.2015;468050,793
05.03.2015;457181,5659
06.03.2015;468162,7802
07.03.2015;467780,6182
08.03.2015;497819,4433
09.03.2015;570572,9163
10.03.2015;452820,3327
11.03.2015;449233,6995
12.03.2015;460285,9559
13.03.2015;583567,0283
14.03.2015;682489,203
15.03.2015;769596,5514
16.03.2015;693250,628
17.03.2015;442545,1688
18.03.2015;449320,4208
19.03.2015;400638,4285
20.03.2015;412182,6915
21.03.2015;465628,1387
22.03.2015;581257,7619
23.03.2015;642881,6215
24.03.2015;469653,9755
25.03.2015;464342,2906
26.03.2015;485984,9601
27.03.2015;468581,6593
28.03.2015;521339,494
29.03.2015;647777,1392
30.03.2015;676415,7529
31.03.2015;536700,991
01.04.2015;479504,7777
02.04.2015;487920,0054
03.04.2015;474642,5944
04.04.2015;505795,0636
05.04.2015;578654,8313
06.04.2015;586237,2612
07.04.2015;533806,7151
08.04.2015;488889,4316
09.04.2015;467259,4853
10.04.2015;453670,2678
11.04.2015;500806,5631
12.04.2015;588490,5755
13.04.2015;680843,4718
14.04.2015;487721,6397
15.04.2015;483128,3848
16.04.2015;451803,9252
17.04.2015;463067,6638
18.04.2015;456023,7739
19.04.2015;539979,0753
20.04.2015;644779,6836
21.04.2015;457994,5157
22.04.2015;438885,8288
23.04.2015;444168,0478
24.04.2015;426644,7046
25.04.2015;504135,1308
26.04.2015;606578,2263
27.04.2015;623285,9664
28.04.2015;451720,0627
29.04.2015;428903,3763
30.04.2015;442089,0308
01.05.2015;475316,9401
02.05.2015;494272,2863
03.05.2015;595212,1781
04.05.2015;557938,1013
05.05.2015;441045,0592
06.05.2015;454799,8885
07.05.2015;468325,9433
08.05.2015;468405,8447
09.05.2015;538496,8721
10.05.2015;600828,6232
11.05.2015;635229,1134
12.05.2015;550693,4163
13.05.2015;439472,1086
14.05.2015;441487,381
15.05.2015;467376,0516
16.05.2015;497496,7609
17.05.2015;564140,0635
18.05.2015;630213,0075
19.05.2015;468329,8602
20.05.2015;453224,149
21.05.2015;462781,2405
22.05.2015;455009,7989
23.05.2015;453812,0685
24.05.2015;512575,907
25.05.2015;540466,1532
26.05.2015;531386,0083
27.05.2015;512871,3263
28.05.2015;472730,0095
29.05.2015;518405,036
30.05.2015;556119,231
31.05.2015;579518,7988
01.06.2015;647125,0475
02.06.2015;538115,0283
03.06.2015;478938,472
04.06.2015;475215,514
05.06.2015;482622,8751
06.06.2015;458514,7705
07.06.2015;503825,9139
08.06.2015;580553,3966
09.06.2015;489673,2704
10.06.2015;469487,2536
11.06.2015;466275,8741
12.06.2015;494227,0414
13.06.2015;446873,7095
14.06.2015;521898,8078
15.06.2015;608817,4705
16.06.2015;687122,8215
17.06.2015;567284,8356
18.06.2015;487025,6488
19.06.2015;516460,8157
20.06.2015;482824,684
21.06.2015;577304,9549
22.06.2015;643078,164
23.06.2015;479976,0226
24.06.2015;488205,3619
25.06.2015;480291,0386
26.06.2015;494102,7788
27.06.2015;505283,0835
28.06.2015;562046,1517
29.06.2015;618474,9306
30.06.2015;525054,0694
01.07.2015;499686,0643
02.07.2015;477986,7505
03.07.2015;527563,1521
04.07.2015;520849,5325
05.07.2015;544029,8699
06.07.2015;571737,7737
07.07.2015;502503,5829
08.07.2015;478093,8852
09.07.2015;510138,4258
10.07.2015;501608,4776
11.07.2015;527148,0178
12.07.2015;546166,9232
13.07.2015;585323,3516
14.07.2015;524473,2933
15.07.2015;493090,7063
16.07.2015;481294,0051
17.07.2015;531202,0423
18.07.2015;566700,5003
19.07.2015;627876,5739
20.07.2015;602917,9686
21.07.2015;559036,7322
22.07.2015;489807,7868
23.07.2015;485050,6864
24.07.2015;512594,5823
25.07.2015;524175,4446
26.07.2015;529077,2848
27.07.2015;620501,7287
28.07.2015;704086,0807
29.07.2015;685378,233
30.07.2015;668705,6847
31.07.2015;603892,0403
01.08.2015;590713,308
02.08.2015;595705,3852
03.08.2015;574130,5242
04.08.2015;528974,1705
05.08.2015;606812,0863
06.08.2015;630782,497
07.08.2015;657897,1936
08.08.2015;625633,9239
09.08.2015;657964,6449
10.08.2015;638573,8332
11.08.2015;505754,3157
12.08.2015;491690,7165
13.08.2015;514728,7113
14.08.2015;485845,0966
15.08.2015;503707,2221
16.08.2015;552252,723
17.08.2015;615277,4081
18.08.2015;536700,0592
19.08.2015;513425,3433
20.08.2015;548363,0596
21.08.2015;753251,5182
22.08.2015;777313,1645
23.08.2015;870875,8963
24.08.2015;985314,0134
25.08.2015;601316,07
26.08.2015;552787,5005
27.08.2015;542047,581
28.08.2015;515512,053
29.08.2015;504402,6883
30.08.2015;574642,0753
31.08.2015;582361,0725
01.09.2015;549725,9864
02.09.2015;509140,9928
03.09.2015;476829,3496
04.09.2015;473597,429
05.09.2015;496981,7761
06.09.2015;598909,2238
07.09.2015;579687,6683
08.09.2015;514930,7619
09.09.2015;472991,3997
10.09.2015;461014,5413
11.09.2015;500262,0461
12.09.2015;510364,8535
13.09.2015;590713,6214
14.09.2015;605212,8402
15.09.2015;493743,4355
16.09.2015;468354,9818
17.09.2015;474025,9999
18.09.2015;452775,6993
19.09.2015;486109,7531
20.09.2015;591331,0546
21.09.2015;647703,1472
22.09.2015;487719,2475
23.09.2015;498082,0297
24.09.2015;493566,2749
25.09.2015;466618,4315
26.09.2015;450731,9471
27.09.2015;518916,3046
28.09.2015;542697,9093
29.09.2015;454988,1113
30.09.2015;473737,9726
01.10.2015;468600,79
02.10.2015;626747,3718
03.10.2015;613340,5271
04.10.2015;715618,06
05.10.2015;748463,0217
06.10.2015;497123,7834
07.10.2015;461064,6069
08.10.2015;478974,2578
09.10.2015;528693,2018
10.10.2015;523007,4629
11.10.2015;651155,0173
12.10.2015;713187,3288
13.10.2015;498088,317
14.10.2015;498831,7714
15.10.2015;473431,6509
16.10.2015;567932,5187
17.10.2015;532721,7519
18.10.2015;624384,0332
19.10.2015;640464,3671
20.10.2015;481918,611
21.10.2015;461725,0325
22.10.2015;478452,4128
23.10.2015;464723,2423
24.10.2015;482845,2482
25.10.2015;640387,6661
26.10.2015;699476,8578
27.10.2015;503864,1459
28.10.2015;497098,5433
29.10.2015;692032,6052
30.10.2015;718929,9413
31.10.2015;776603,8248
01.11.2015;1024018,551
02.11.2015;888884,1166
03.11.2015;529713,753
04.11.2015;514758,4758
05.11.2015;524094,4299
06.11.2015;541792,4576
07.11.2015;597013,9258
08.11.2015;689114,5834
09.11.2015;664622,5846
10.11.2015;562241,0899
11.11.2015;570622,3649
12.11.2015;525138,2873
13.11.2015;526005,2722
14.11.2015;585101,3545
15.11.2015;637206,5061
16.11.2015;641224,3833
17.11.2015;585610,017
18.11.2015;572954,7959
19.11.2015;558551,4028
20.11.2015;520942,2895
21.11.2015;555796,8378
22.11.2015;654750,9913
23.11.2015;676996,3596
24.11.2015;560595,5377
25.11.2015;501004,6728
26.11.2015;480272,2423
27.11.2015;538489,2674
28.11.2015;531277,185
29.11.2015;648519,783
30.11.2015;624099,5627
01.12.2015;508405,8851
02.12.2015;527191,8523
03.12.2015;542065,616
04.12.2015;529948,3565
05.12.2015;545952,7912
06.12.2015;627021,2935
07.12.2015;687488,4328
08.12.2015;576552,1959
09.12.2015;526201,351
10.12.2015;504858,5199
11.12.2015;530576,2945
12.12.2015;590095,0021
13.12.2015;642545,6177
14.12.2015;696796,3885
15.12.2015;587257,7438
16.12.2015;498097,9344
17.12.2015;499731,9784
18.12.2015;501172,9644
19.12.2015;504254,4678
20.12.2015;581743,5033
21.12.2015;589604,3298
22.12.2015;520302,47
23.12.2015;510774,1176
24.12.2015;543328,7562
25.12.2015;485736,1069
26.12.2015;430609,735
27.12.2015;456603,5684
28.12.2015;551293,3831
29.12.2015;538673,1269
30.12.2015;550840,4025
31.12.2015;543005,1008
01.01.2016;507123,6378
02.01.2016;469525,5538
03.01.2016;575945,9673
04.01.2016;645279,5221
05.01.2016;676548,0463
06.01.2016;651693,6954
07.01.2016;626783,2496
08.01.2016;697941,7304
09.01.2016;716611,7338
10.01.2016;768671,7621
11.01.2016;777489,2839
12.01.2016;589914,5057
13.01.2016;548676,7596
14.01.2016;648383,1212
15.01.2016;660291,2964
16.01.2016;620818,2071
17.01.2016;685297,4969
18.01.2016;717869,5798
19.01.2016;541977,4377
20.01.2016;529380,1676
21.01.2016;538752,2093
22.01.2016;547948,2801
23.01.2016;593733,6207
24.01.2016;647654,6626
25.01.2016;664569,8507
26.01.2016;567476,0468
27.01.2016;532015,0084
28.01.2016;556351,8834
29.01.2016;563171,2894
30.01.2016;575637,7973
31.01.2016;598415,8549
01.02.2016;673715,6585
02.02.2016;556615,6125
03.02.2016;544791,4384
04.02.2016;568120,2749
05.02.2016;571287,6304
06.02.2016;575273,9143
07.02.2016;594950,3358
08.02.2016;641396,6732
09.02.2016;546174,7554
10.02.2016;558444,7651
11.02.2016;558110,7245
12.02.2016;553896,331
13.02.2016;557413,5074
14.02.2016;613426,4382
15.02.2016;623169,1529
16.02.2016;570573,0762
17.02.2016;593953,6673
18.02.2016;586761,7813
19.02.2016;585777,8463
20.02.2016;581183,7836
21.02.2016;646550,8394
22.02.2016;722135,7946
23.02.2016;582378,7834
24.02.2016;561608,5459
25.02.2016;563578,925
26.02.2016;605250,6575
27.02.2016;621540,8053
28.02.2016;682468,3245
29.02.2016;803849,2507
01.03.2016;581924,7421
02.03.2016;539299,3551
03.03.2016;694285,8167
04.03.2016;652259,1114
05.03.2016;765009,6538
06.03.2016;828085,2047
07.03.2016;885394,3388
08.03.2016;559645,63
09.03.2016;563494,4291
10.03.2016;535132,4599
11.03.2016;564094,1513
12.03.2016;548834,5302
13.03.2016;595000,1971
14.03.2016;685133,6868
15.03.2016;541027,1439
16.03.2016;495670,5831
17.03.2016;524950,3747
18.03.2016;523031,5794
19.03.2016;538451,6351
20.03.2016;648847,4364
21.03.2016;721578,8499
22.03.2016;545866,5662
23.03.2016;514444,6164
24.03.2016;539169,9271
25.03.2016;559164,1244
26.03.2016;568040,3739
27.03.2016;617551,136
28.03.2016;633023,6712
29.03.2016;559413,6092
30.03.2016;708107,1467
31.03.2016;765159,6909
01.04.2016;783679,2535
02.04.2016;91744,2151
03.04.2016;766,6017925
04.04.2016;8,488724133
05.04.2016;2,247646163
06.04.2016;165871,3149
07.04.2016;534640,8008
08.04.2016;547971,0629
09.04.2016;558952,835
10.04.2016;653930,5229
11.04.2016;751110,9666
12.04.2016;560177,6341
13.04.2016;578904,9971
14.04.2016;571905,4806
15.04.2016;578951,0322
16.04.2016;555483,5717
17.04.2016;742987,7352
18.04.2016;838795,3664
19.04.2016;599494,7221
20.04.2016;567490,3023
21.04.2016;556870,8625
22.04.2016;575488,7244
23.04.2016;552178,3994
24.04.2016;707875,5952
25.04.2016;693239,4288
26.04.2016;545991,2016
27.04.2016;551843,458
28.04.2016;599671,6511
29.04.2016;614570,3761
30.04.2016;612220,0955
01.05.2016;670514,5156
02.05.2016;682080,1561
03.05.2016;574338,3912
04.05.2016;598153,4561
05.05.2016;615981,6461
06.05.2016;628255,1989
07.05.2016;645010,5155
08.05.2016;649805,8919
09.05.2016;670155,8769
10.05.2016;562899,1622
11.05.2016;574319,694
12.05.2016;603711,516
13.05.2016;582860,6465
14.05.2016;612915,4719
15.05.2016;715953,7006
16.05.2016;749722,8642
17.05.2016;588145,5768
18.05.2016;535696,145
19.05.2016;533122,3761
20.05.2016;540986,5567
21.05.2016;554736,8084
22.05.2016;636374,0754
23.05.2016;687055,6514
24.05.2016;548056,5514
25.05.2016;576574,4966
26.05.2016;548692,8817
27.05.2016;542249,6782
28.05.2016;532656,1447
29.05.2016;572240,9324
30.05.2016;603452,9424
31.05.2016;528070,1637
01.06.2016;544440,0659
02.06.2016;540645,1465
03.06.2016;580351,2757
04.06.2016;625341,1287
05.06.2016;671745,8471
06.06.2016;658016,7612
07.06.2016;551172,5857
08.06.2016;670304,8914
09.06.2016;665304,1811
10.06.2016;653528,5048
11.06.2016;615440,7098
12.06.2016;687271,2078
13.06.2016;780878,6938
14.06.2016;745861,9069
15.06.2016;665197,4609
16.06.2016;566831,262
17.06.2016;564243,1067
18.06.2016;578827,4133
19.06.2016;664670,0448
20.06.2016;702750,7136
21.06.2016;570250,5295
22.06.2016;547372,9128
23.06.2016;570602,8938
24.06.2016;580024,7615
25.06.2016;569396,6627
26.06.2016;662807,4592
27.06.2016;701882,4565
28.06.2016;568822,2829
29.06.2016;595666,8971
30.06.2016;579573,6776
01.07.2016;532102,4523
02.07.2016;538577,0591
03.07.2016;568772,0424
04.07.2016;589305,5038
05.07.2016;610494,919
06.07.2016;753354,1323
07.07.2016;775648,4939
08.07.2016;778456,6958
09.07.2016;869871,858
10.07.2016;826878,6424
11.07.2016;688497,9905
12.07.2016;541852,5034
13.07.2016;555732,0735
14.07.2016;557474,1474
15.07.2016;570347,6794
16.07.2016;609334,9278
17.07.2016;642745,3422
18.07.2016;669596,2611
19.07.2016;607040,6102
20.07.2016;528662,0812
21.07.2016;523796,1404
22.07.2016;548735,0779
23.07.2016;549918,6789
24.07.2016;584382,5502
25.07.2016;607352,0458
26.07.2016;560656,2311
27.07.2016;523536,8618
28.07.2016;471060,7683
29.07.2016;463422,2991
30.07.2016;459728,2189
31.07.2016;518649,0924
01.08.2016;549395,5531
02.08.2016;499445,0388
03.08.2016;521353,9233
04.08.2016;577578,4051
05.08.2016;607481,3595
06.08.2016;647973,8487
07.08.2016;589963,957
08.08.2016;570366,5312
09.08.2016;551669,5002
10.08.2016;645896,0385
11.08.2016;630009,5178
12.08.2016;612123,1155
13.08.2016;640792,9169
14.08.2016;670180,6638
15.08.2016;697599,1445
16.08.2016;514853,2178
17.08.2016;488017,6729
18.08.2016;314260,5641
19.08.2016;411702,1928
20.08.2016;522509,33
21.08.2016;600687,5338
22.08.2016;648680,9478
23.08.2016;550125,7199
24.08.2016;528639,082
25.08.2016;391557,7628
26.08.2016;367710,8585
27.08.2016;63339,41859
28.08.2016;1944,156773
29.08.2016;422791,9032
30.08.2016;581989,9714
31.08.2016;589129,0977
01.09.2016;528128,651
02.09.2016;520003,9276
03.09.2016;521000,482
04.09.2016;592040,332
05.09.2016;667056,9324
06.09.2016;552053,7478
07.09.2016;523673,0752
08.09.2016;537855,0914
09.09.2016;524909,5741
10.09.2016;517913,8851
11.09.2016;594209,4817
13.09.2016;486187,6019
14.09.2016;487808,4092
15.09.2016;490379,3595
16.09.2016;495437,1843
17.09.2016;507551,1342
18.09.2016;566806,7422
19.09.2016;616472,4737
20.09.2016;500655,7516
21.09.2016;519968,5687
22.09.2016;515704,2787
23.09.2016;496395,1278
24.09.2016;509921,2596
25.09.2016;562563,778
26.09.2016;589684,1243
27.09.2016;502635,8389
28.09.2016;509260,1527
29.09.2016;484057,057
30.09.2016;469657,7556
01.10.2016;621803,9493
02.10.2016;711984,0975
03.10.2016;774619,3713
04.10.2016;634243,3383
05.10.2016;501052,4569
06.10.2016;474230,2675
07.10.2016;518324,883
08.10.2016;612033,2579
09.10.2016;692704,7201
10.10.2016;728600,1869
11.10.2016;618546,6586
12.10.2016;485597,2934
13.10.2016;501423,9387
14.10.2016;493499,9296
15.10.2016;553832,8596
16.10.2016;663066,5305
17.10.2016;685775,0736
18.10.2016;594570,2173
19.10.2016;544178,6987
20.10.2016;548436,0538
21.10.2016;503389,2521
22.10.2016;533035,4843
23.10.2016;729351,0803
24.10.2016;745922,4794
25.10.2016;529722,5068
26.10.2016;528539,1867
27.10.2016;550459,1562
28.10.2016;596726,0361
29.10.2016;624170,3384
30.10.2016;700090,2488
31.10.2016;959848,1089
01.11.2016;612734,8951
02.11.2016;588936,9922
03.11.2016;566651,695
04.11.2016;573753,9766
05.11.2016;648735,0363
06.11.2016;785687,4278
07.11.2016;792528,7495
08.11.2016;615522,9694
09.11.2016;574012,8863
10.11.2016;544943,92
11.11.2016;579579,7862
12.11.2016;602979,8866
13.11.2016;706923,8733
14.11.2016;735620,6704
15.11.2016;599374,718
16.11.2016;572509,7463
17.11.2016;583971,0192
18.11.2016;634638,6785
19.11.2016;634234,0537
20.11.2016;713029,8885
21.11.2016;754941,7405
22.11.2016;665550,4457
23.11.2016;553317,8283
24.11.2016;563558,782
25.11.2016;563748,3901
26.11.2016;536014,5412
27.11.2016;657000,6401
28.11.2016;662339,2213
29.11.2016;573447,3722
30.11.2016;585009,9606
01.12.2016;582322,2375
02.12.2016;604660,8268
03.12.2016;637376,3368
04.12.2016;741190,9319
05.12.2016;775198,7128
06.12.2016;619957,0609
07.12.2016;562432,455
08.12.2016;633598,0455
09.12.2016;689037,9722
10.12.2016;713764,2236
11.12.2016;814905,8687
12.12.2016;859566,3907
13.12.2016;660964,3549
14.12.2016;634718,8696
15.12.2016;621524,6984
16.12.2016;623778,7881
17.12.2016;634655,2083
18.12.2016;728969,7217
19.12.2016;760422,7953
20.12.2016;650557,586
21.12.2016;632239,7593
22.12.2016;647041,8025
23.12.2016;644761,0825
24.12.2016;650503,4761
25.12.2016;598684,9684
26.12.2016;533012,2375
27.12.2016;577881,666
28.12.2016;642802,5711
29.12.2016;673191,1159
30.12.2016;672203,4763
31.12.2016;663423,2341
01.01.2017;630900,687
02.01.2017;567108,3125
03.01.2017;694474,184
04.01.2017;697549,316
05.01.2017;693185,4568
06.01.2017;709519,1081
07.01.2017;764553,9308
08.01.2017;831453,5869
09.01.2017;912215,7314
10.01.2017;840734,075
11.01.2017;792732,7208
12.01.2017;786993,1589
13.01.2017;785183,656
14.01.2017;779755,2633
15.01.2017;873065,3515
16.01.2017;862744,1493
17.01.2017;677367,3996
18.01.2017;676665,5273
19.01.2017;683365,2624
20.01.2017;715905,6519
21.01.2017;704900,6269
22.01.2017;863969,4939
23.01.2017;1039387,374
24.01.2017;963663,3872
25.01.2017;966393,0524
26.01.2017;937905,1962
27.01.2017;838768,7986
28.01.2017;838716,9706
29.01.2017;1068509,248
30.01.2017;1123266,072
31.01.2017;774047,2188
01.02.2017;747142,9452
02.02.2017;711697,9017
03.02.2017;728717,307
04.02.2017;734067,5196
05.02.2017;879632,5351
06.02.2017;926456,0177
07.02.2017;741467,2309
08.02.2017;723831,3163
09.02.2017;703754,5127
10.02.2017;723928,2553
11.02.2017;727250,2046
12.02.2017;826218,6658
13.02.2017;883649,3613
14.02.2017;765199,6389
15.02.2017;696102,494
16.02.2017;660102,0454
17.02.2017;715099,4898
18.02.2017;673840,4929
